experience_years,salary
13.234039,4486.634
13.7250595,4572.266
5.742956,2453.5786
14.389585,4902.5293
5.8567233,2417.5876
9.013431,3196.9326
3.8485873,1879.6355
11.90462,4027.604
14.111572,4993.709
1.9977889,1161.4281
14.018971,4777.4683
8.903695,3155.4355
13.041066,4539.3027
8.515729,2835.7043
11.116411,3914.8108
6.4410677,2376.205
13.281644,4699.9067
8.608567,3566.182
3.9987006,1885.3514
9.411737,3627.4558
4.044475,1878.3583
6.620454,2478.5576
4.4538126,2094.4492
12.475283,4124.575
1.5797236,1334.3381
4.0424223,2087.981
5.3821893,2346.6592
2.9904566,1505.549
8.207873,3119.0889
0.09240657,733.48914
14.273318,4623.441
1.1289883,812.1743
13.290205,4514.133
8.748143,3174.0435
5.064716,2124.922
12.1346245,4314.398
8.66888,3333.4712
13.559725,4695.284
8.319898,3213.9263
5.1347013,2131.7224
9.515127,3474.9934
5.466154,2286.1665
10.656431,4046.181
14.196166,4885.1177
11.835446,4241.895
4.221206,2110.992
11.829485,4136.137
8.841947,3415.2458
11.308763,4021.9343
2.9287121,1278.3572
0.075686574,681.88293
4.602296,2236.5957
1.7473286,1005.1072
13.654041,4752.497
9.660235,3511.257
10.606602,3595.758
9.871959,3476.649
7.36953,2870.6975
13.369562,4816.2925
2.171148,1213.5608
7.972228,3276.7153
2.3809485,1568.5466
9.81264,3548.0054
4.917133,2048.8345
9.798122,3600.7185
5.937439,2192.0916
13.720439,4853.6094
3.0547357,1512.2197
3.027015,1475.338
3.026745,1532.9684
14.245821,5195.371
9.999383,3855.5
14.716881,5246.9707
1.3104281,1074.8417
0.06092906,767.2977
1.6322718,1165.6823
2.4548318,1315.4962
10.537801,3584.2278
10.185569,3463.2312
13.731933,4786.8525
3.6268096,1761.5859
2.3871615,1250.5286
11.479336,3860.7842
4.4684663,1852.7277
12.0519285,4315.5347
5.7202454,2304.934
11.790344,4105.6626
1.67274,1126.7703
3.7151268,1439.7938
9.786573,3589.521
9.085557,3462.8105
5.5878096,2604.5781
11.970521,4043.3835
12.598569,4006.3015
2.0612,1168.6621
3.4959886,1775.3336
14.367464,4862.5034
4.9692564,2273.0906
4.841127,2265.3335
0.24304032,664.7146
3.2049732,1565.1969
9.373528,3252.436
6.5100513,2438.9863
2.055855,1155.6306
7.6759253,2949.358
2.3768888,1368.7842
1.1370251,981.56006
3.3700302,1729.5082
0.93590945,1022.46375
2.7244644,1179.9785
14.9970665,5247.1895
8.916562,3446.8196
9.811198,3136.7495
0.50486773,659.5093
2.5741963,1581.0182
5.0035815,2134.5027
8.672783,3304.4163
0.9005901,671.4886
4.268452,1803.1234
3.0099857,1593.0233
7.5207844,2918.4114
4.7092257,2217.7212
6.980282,2903.293
2.417777,1214.3943
2.3520362,1233.1117
3.1244864,1426.3018
4.9327693,2126.973
1.5803933,1095.3512
13.788524,4691.321
6.01152,2192.955
13.952975,4586.8325
9.836865,3401.8464
1.1490226,870.6069
12.690264,4577.571
5.436414,2161.648
4.6250544,2200.5132
1.2744713,1105.5016
0.04379511,603.00916
9.64583,3636.109
5.861671,2298.751
10.419924,3829.4624
1.3450241,806.56696
13.068218,4526.136
1.994597,1022.8474
6.20495,2816.4475
9.066523,3225.1052
11.371888,3957.3389
13.554828,4412.6987
14.332194,4692.0757
1.5530839,1138.9559
9.387505,3265.947
4.2740555,1887.159
6.678114,2830.8977
1.8863243,1100.058
14.33144,4839.4463
1.9953713,999.2412
11.508385,4291.2246
10.135797,3622.617
9.93717,3508.698
3.4451535,1650.5406
14.317137,5063.5337
9.1481285,3531.8032
8.464801,3352.347
0.89058906,889.9663
10.648414,3959.0203
6.3748455,2409.8997
4.064068,1829.1268
13.9421,4782.5137
9.172116,3332.7278
3.350427,1513.2352
3.703958,1638.655
7.1418324,2661.2666
11.68771,3947.355
5.5834966,2320.9082
3.2206883,1628.4652
4.9316783,1971.8912
1.8969387,1199.9625
10.174744,3693.253
13.305302,4600.719
0.43919742,555.14343
9.24188,3615.8184
11.374438,4140.0215
8.85997,3197.9204
4.8290653,1957.3956
11.414566,4131.374
11.441349,4111.8813
10.304454,3554.8167
6.1820893,2557.5735
5.5139904,2186.6514
8.302357,3079.7622
6.175094,2370.335
5.264992,2008.1146
12.294052,4138.0757
13.945497,4774.184
6.7575197,2483.1538
5.8207736,2470.9407
7.609442,3059.824
7.0521884,2665.9424
9.303084,3488.3508
9.601752,3494.7695
0.68807423,949.3472
4.732217,2198.0251
13.815971,4659.546
10.421662,3598.9756
7.1269684,2593.5132
2.9782069,1108.4429
2.9114618,1579.8804
0.7817486,957.501
5.0552816,2253.7375
10.032782,3761.2603
12.282163,4418.8413
10.96273,3845.6494
0.87041974,656.5604
2.9897814,1525.878
6.3163753,2403.3625
14.755121,5051.0215
8.584931,3116.802
5.557719,2292.794
10.602864,3650.2986
4.6433883,1997.5927
2.6455827,1471.929
12.974154,4422.666
4.0897365,1854.2775
5.9964995,2340.9507
0.038968027,337.1955
12.519529,4410.565
13.18226,4673.075
10.233361,3469.9001
2.2704434,1482.7107
0.0979507,435.55057
1.4086578,1137.5339
13.0927515,4624.6353
11.100793,4046.9202
13.811283,4734.741
11.429024,3831.1372
9.398191,3443.1855
7.4265547,2866.071
1.7962048,1112.0026
1.0742086,1102.1553
0.48488528,681.083
10.570214,3852.6448
3.81774,1667.1097
5.990606,2283.5488
3.1837106,1543.769
6.133323,2179.3567
2.2212384,1247.5688
2.5993824,1174.9425
9.987831,3763.1113
5.271027,2124.8528
12.130074,4387.1343
5.093934,2224.4055
1.9982457,999.7711
6.176708,2754.0757
3.8643944,1571.353
5.205438,2329.4617
0.36003292,974.0015
11.696182,4247.245
2.278466,1356.6144
11.269633,4204.683
10.903381,3873.004
12.858246,4736.3984
1.7471097,1517.4548
12.893976,4523.551
3.9543629,1843.3534
10.283019,3873.4746
14.54336,5145.603
6.442261,2620.2705
7.441999,3340.2502
5.7732706,2403.067
1.237616,1068.8352
11.099272,4104.7173
0.054616034,618.92523
12.155999,4281.8574
13.111689,4744.759
14.592798,4667.5435
5.7309036,2449.5562
1.3376856,880.82336
9.186227,3187.7332
11.643205,4122.3076
0.035184324,493.32758
5.7976227,2247.4958
3.0040839,1591.6182
6.844022,2527.7793
3.8083987,1692.5306
4.434243,2009.1428
5.1190586,2388.136
0.37271976,726.32635
13.653807,4734.7036
13.787484,4807.1606
6.323482,2551.648
6.6458845,2551.5852
4.4391007,1776.1072
0.72702885,743.46674
0.20141691,633.0829
10.287438,3654.4312
3.3821537,1737.0786
2.6784227,1538.2593
6.914826,2651.3652
5.0024166,2015.4955
5.073594,2109.0588
